store_id,year,month,promo,sales,prev_month_sales,month_sin,month_cos
1,2018,1,1,5420.79,11705.79,0.49999999999999994,0.8660254037844387
1,2018,2,0,5494.56,5420.79,0.8660254037844386,0.5000000000000001
1,2018,3,0,5701.63,5494.56,1.0,6.123233995736766e-17
1,2018,4,1,6585.91,5701.63,0.8660254037844387,-0.4999999999999998
1,2018,5,0,5862.4,6585.91,0.49999999999999994,-0.8660254037844387
1,2018,6,0,6020.77,5862.4,1.2246467991473532e-16,-1.0
1,2018,7,0,5624.5,6020.77,-0.4999999999999997,-0.8660254037844388
1,2018,8,0,6641.15,5624.5,-0.8660254037844385,-0.5000000000000004
1,2018,9,0,6449.51,6641.15,-1.0,-1.8369701987210297e-16
1,2018,10,0,6570.12,6449.51,-0.8660254037844386,0.5000000000000001
1,2018,11,0,6851.81,6570.12,-0.5000000000000004,0.8660254037844384
1,2018,12,0,7456.93,6851.81,-2.4492935982947064e-16,1.0
1,2019,1,0,7655.94,7456.93,0.49999999999999994,0.8660254037844387
1,2019,2,0,7797.58,7655.94,0.8660254037844386,0.5000000000000001
1,2019,3,0,8024.39,7797.58,1.0,6.123233995736766e-17
1,2019,4,0,8581.61,8024.39,0.8660254037844387,-0.4999999999999998
1,2019,5,0,8179.16,8581.61,0.49999999999999994,-0.8660254037844387
1,2019,6,0,8422.84,8179.16,1.2246467991473532e-16,-1.0
1,2019,7,0,8415.56,8422.84,-0.4999999999999997,-0.8660254037844388
1,2019,8,0,8612.12,8415.56,-0.8660254037844385,-0.5000000000000004
1,2019,9,0,9330.66,8612.12,-1.0,-1.8369701987210297e-16
1,2019,10,0,9164.9,9330.66,-0.8660254037844386,0.5000000000000001
1,2019,11,1,9759.41,9164.9,-0.5000000000000004,0.8660254037844384
1,2019,12,1,10339.17,9759.41,-2.4492935982947064e-16,1.0
1,2020,1,0,9800.17,10339.17,0.49999999999999994,0.8660254037844387
1,2020,2,0,10042.26,9800.17,0.8660254037844386,0.5000000000000001
1,2020,3,1,10880.33,10042.26,1.0,6.123233995736766e-17
1,2020,4,0,10636.38,10880.33,0.8660254037844387,-0.4999999999999998
1,2020,5,0,11006.63,10636.38,0.49999999999999994,-0.8660254037844387
1,2020,6,1,11496.31,11006.63,1.2246467991473532e-16,-1.0
1,2020,7,1,11116.85,11496.31,-0.4999999999999997,-0.8660254037844388
1,2020,8,0,10470.23,11116.85,-0.8660254037844385,-0.5000000000000004
1,2020,9,1,10839.99,10470.23,-1.0,-1.8369701987210297e-16
1,2020,10,0,11252.54,10839.99,-0.8660254037844386,0.5000000000000001
1,2020,11,0,11695.22,11252.54,-0.5000000000000004,0.8660254037844384
1,2020,12,0,11705.79,11695.22,-2.4492935982947064e-16,1.0
1,2021,1,1,12719.84,11705.79,0.49999999999999994,0.8660254037844387
1,2021,2,1,13430.31,12719.84,0.8660254037844386,0.5000000000000001
1,2021,3,1,14132.75,13430.31,1.0,6.123233995736766e-17
1,2021,4,0,13452.3,14132.75,0.8660254037844387,-0.4999999999999998
1,2021,5,0,13188.47,13452.3,0.49999999999999994,-0.8660254037844387
1,2021,6,0,13070.62,13188.47,1.2246467991473532e-16,-1.0
1,2021,7,0,12509.9,13070.62,-0.4999999999999997,-0.8660254037844388
1,2021,8,0,12997.53,12509.9,-0.8660254037844385,-0.5000000000000004
1,2021,9,1,13163.4,12997.53,-1.0,-1.8369701987210297e-16
1,2021,10,1,13215.47,13163.4,-0.8660254037844386,0.5000000000000001
1,2021,11,0,13543.23,13215.47,-0.5000000000000004,0.8660254037844384
1,2021,12,0,14134.83,13543.23,-2.4492935982947064e-16,1.0
1,2022,1,1,15531.23,14134.83,0.49999999999999994,0.8660254037844387
1,2022,2,1,16250.03,15531.23,0.8660254037844386,0.5000000000000001
1,2022,3,1,16644.3,16250.03,1.0,6.123233995736766e-17
1,2022,4,1,16423.12,16644.3,0.8660254037844387,-0.4999999999999998
1,2022,5,0,15650.8,16423.12,0.49999999999999994,-0.8660254037844387
1,2022,6,0,15305.22,15650.8,1.2246467991473532e-16,-1.0
1,2022,7,1,14896.74,15305.22,-0.4999999999999997,-0.8660254037844388
1,2022,8,0,14934.54,14896.74,-0.8660254037844385,-0.5000000000000004
1,2022,9,0,14990.22,14934.54,-1.0,-1.8369701987210297e-16
1,2022,10,0,15158.6,14990.22,-0.8660254037844386,0.5000000000000001
1,2022,11,0,15556.36,15158.6,-0.5000000000000004,0.8660254037844384
1,2022,12,1,17403.48,15556.36,-2.4492935982947064e-16,1.0
1,2023,1,1,17828.17,17403.48,0.49999999999999994,0.8660254037844387
1,2023,2,0,17554.07,17828.17,0.8660254037844386,0.5000000000000001
1,2023,3,0,18369.56,17554.07,1.0,6.123233995736766e-17
1,2023,4,0,18282.64,18369.56,0.8660254037844387,-0.4999999999999998
1,2023,5,0,18261.11,18282.64,0.49999999999999994,-0.8660254037844387
1,2023,6,0,17643.68,18261.11,1.2246467991473532e-16,-1.0
1,2023,7,0,17340.66,17643.68,-0.4999999999999997,-0.8660254037844388
1,2023,8,0,16957.5,17340.66,-0.8660254037844385,-0.5000000000000004
1,2023,9,0,16763.53,16957.5,-1.0,-1.8369701987210297e-16
1,2023,10,1,18004.35,16763.53,-0.8660254037844386,0.5000000000000001
1,2023,11,0,18338.72,18004.35,-0.5000000000000004,0.8660254037844384
1,2023,12,0,19211.86,18338.72,-2.4492935982947064e-16,1.0
2,2018,1,0,3138.67,8963.13,0.49999999999999994,0.8660254037844387
2,2018,2,0,3222.18,3138.67,0.8660254037844386,0.5000000000000001
2,2018,3,0,3389.14,3222.18,1.0,6.123233995736766e-17
2,2018,4,0,3317.77,3389.14,0.8660254037844387,-0.4999999999999998
2,2018,5,0,3727.09,3317.77,0.49999999999999994,-0.8660254037844387
2,2018,6,0,3752.18,3727.09,1.2246467991473532e-16,-1.0
2,2018,7,0,3839.47,3752.18,-0.4999999999999997,-0.8660254037844388
2,2018,8,0,4078.93,3839.47,-0.8660254037844385,-0.5000000000000004
2,2018,9,1,4827.86,4078.93,-1.0,-1.8369701987210297e-16
2,2018,10,0,4669.08,4827.86,-0.8660254037844386,0.5000000000000001
2,2018,11,0,4358.14,4669.08,-0.5000000000000004,0.8660254037844384
2,2018,12,0,4987.94,4358.14,-2.4492935982947064e-16,1.0
2,2019,1,1,5699.17,4987.94,0.49999999999999994,0.8660254037844387
2,2019,2,0,5554.65,5699.17,0.8660254037844386,0.5000000000000001
2,2019,3,0,5645.49,5554.65,1.0,6.123233995736766e-17
2,2019,4,0,5885.29,5645.49,0.8660254037844387,-0.4999999999999998
2,2019,5,0,5875.14,5885.29,0.49999999999999994,-0.8660254037844387
2,2019,6,0,5712.0,5875.14,1.2246467991473532e-16,-1.0
2,2019,7,0,5986.38,5712.0,-0.4999999999999997,-0.8660254037844388
2,2019,8,0,5794.68,5986.38,-0.8660254037844385,-0.5000000000000004
2,2019,9,0,6140.21,5794.68,-1.0,-1.8369701987210297e-16
2,2019,10,1,6917.48,6140.21,-0.8660254037844386,0.5000000000000001
2,2019,11,0,6434.42,6917.48,-0.5000000000000004,0.8660254037844384
2,2019,12,0,6949.26,6434.42,-2.4492935982947064e-16,1.0
2,2020,1,0,7443.42,6949.26,0.49999999999999994,0.8660254037844387
2,2020,2,0,7642.09,7443.42,0.8660254037844386,0.5000000000000001
2,2020,3,1,8800.79,7642.09,1.0,6.123233995736766e-17
2,2020,4,0,8068.42,8800.79,0.8660254037844387,-0.4999999999999998
2,2020,5,0,7928.98,8068.42,0.49999999999999994,-0.8660254037844387
2,2020,6,0,8114.19,7928.98,1.2246467991473532e-16,-1.0
2,2020,7,0,7867.87,8114.19,-0.4999999999999997,-0.8660254037844388
2,2020,8,1,8446.75,7867.87,-0.8660254037844385,-0.5000000000000004
2,2020,9,1,8367.0,8446.75,-1.0,-1.8369701987210297e-16
2,2020,10,0,8271.97,8367.0,-0.8660254037844386,0.5000000000000001
2,2020,11,1,8924.84,8271.97,-0.5000000000000004,0.8660254037844384
2,2020,12,0,8963.13,8924.84,-2.4492935982947064e-16,1.0
2,2021,1,1,10118.31,8963.13,0.49999999999999994,0.8660254037844387
2,2021,2,0,10200.39,10118.31,0.8660254037844386,0.5000000000000001
2,2021,3,0,10386.42,10200.39,1.0,6.123233995736766e-17
2,2021,4,1,10848.37,10386.42,0.8660254037844387,-0.4999999999999998
2,2021,5,0,10138.25,10848.37,0.49999999999999994,-0.8660254037844387
2,2021,6,0,10272.84,10138.25,1.2246467991473532e-16,-1.0
2,2021,7,1,10424.57,10272.84,-0.4999999999999997,-0.8660254037844388
2,2021,8,1,10302.36,10424.57,-0.8660254037844385,-0.5000000000000004
2,2021,9,0,10017.43,10302.36,-1.0,-1.8369701987210297e-16
2,2021,10,0,10088.57,10017.43,-0.8660254037844386,0.5000000000000001
2,2021,11,1,11080.88,10088.57,-0.5000000000000004,0.8660254037844384
2,2021,12,0,11160.48,11080.88,-2.4492935982947064e-16,1.0
2,2022,1,0,11763.73,11160.48,0.49999999999999994,0.8660254037844387
2,2022,2,0,12129.63,11763.73,0.8660254037844386,0.5000000000000001
2,2022,3,0,12312.95,12129.63,1.0,6.123233995736766e-17
2,2022,4,0,12675.73,12312.95,0.8660254037844387,-0.4999999999999998
2,2022,5,0,12355.94,12675.73,0.49999999999999994,-0.8660254037844387
2,2022,6,0,12142.69,12355.94,1.2246467991473532e-16,-1.0
2,2022,7,1,12456.31,12142.69,-0.4999999999999997,-0.8660254037844388
2,2022,8,0,11515.74,12456.31,-0.8660254037844385,-0.5000000000000004
2,2022,9,0,12040.16,11515.74,-1.0,-1.8369701987210297e-16
2,2022,10,0,12259.87,12040.16,-0.8660254037844386,0.5000000000000001
2,2022,11,1,13049.69,12259.87,-0.5000000000000004,0.8660254037844384
2,2022,12,0,13300.21,13049.69,-2.4492935982947064e-16,1.0
2,2023,1,1,14389.48,13300.21,0.49999999999999994,0.8660254037844387
2,2023,2,0,14304.66,14389.48,0.8660254037844386,0.5000000000000001
2,2023,3,0,14765.23,14304.66,1.0,6.123233995736766e-17
2,2023,4,0,15138.94,14765.23,0.8660254037844387,-0.4999999999999998
2,2023,5,0,14729.48,15138.94,0.49999999999999994,-0.8660254037844387
2,2023,6,1,14572.36,14729.48,1.2246467991473532e-16,-1.0
2,2023,7,0,13931.22,14572.36,-0.4999999999999997,-0.8660254037844388
2,2023,8,0,13834.87,13931.22,-0.8660254037844385,-0.5000000000000004
2,2023,9,0,13508.7,13834.87,-1.0,-1.8369701987210297e-16
2,2023,10,1,14256.11,13508.7,-0.8660254037844386,0.5000000000000001
2,2023,11,0,14513.68,14256.11,-0.5000000000000004,0.8660254037844384
2,2023,12,0,15598.39,14513.68,-2.4492935982947064e-16,1.0
3,2018,1,0,5468.2,10542.89,0.49999999999999994,0.8660254037844387
3,2018,2,0,5810.23,5468.2,0.8660254037844386,0.5000000000000001
3,2018,3,0,6294.2,5810.23,1.0,6.123233995736766e-17
3,2018,4,0,6320.8,6294.2,0.8660254037844387,-0.4999999999999998
3,2018,5,0,6688.42,6320.8,0.49999999999999994,-0.8660254037844387
3,2018,6,0,6928.92,6688.42,1.2246467991473532e-16,-1.0
3,2018,7,0,6677.66,6928.92,-0.4999999999999997,-0.8660254037844388
3,2018,8,0,6835.31,6677.66,-0.8660254037844385,-0.5000000000000004
3,2018,9,1,6850.35,6835.31,-1.0,-1.8369701987210297e-16
3,2018,10,0,7418.2,6850.35,-0.8660254037844386,0.5000000000000001
3,2018,11,0,7401.35,7418.2,-0.5000000000000004,0.8660254037844384
3,2018,12,0,7406.23,7401.35,-2.4492935982947064e-16,1.0
3,2019,1,1,7940.56,7406.23,0.49999999999999994,0.8660254037844387
3,2019,2,0,7835.53,7940.56,0.8660254037844386,0.5000000000000001
3,2019,3,1,8245.19,7835.53,1.0,6.123233995736766e-17
3,2019,4,0,7931.5,8245.19,0.8660254037844387,-0.4999999999999998
3,2019,5,0,8200.54,7931.5,0.49999999999999994,-0.8660254037844387
3,2019,6,1,8783.75,8200.54,1.2246467991473532e-16,-1.0
3,2019,7,0,8281.02,8783.75,-0.4999999999999997,-0.8660254037844388
3,2019,8,1,8433.07,8281.02,-0.8660254037844385,-0.5000000000000004
3,2019,9,1,8189.91,8433.07,-1.0,-1.8369701987210297e-16
3,2019,10,1,8502.73,8189.91,-0.8660254037844386,0.5000000000000001
3,2019,11,0,9037.88,8502.73,-0.5000000000000004,0.8660254037844384
3,2019,12,1,9207.04,9037.88,-2.4492935982947064e-16,1.0
3,2020,1,0,9113.33,9207.04,0.49999999999999994,0.8660254037844387
3,2020,2,1,10128.12,9113.33,0.8660254037844386,0.5000000000000001
3,2020,3,0,9456.28,10128.12,1.0,6.123233995736766e-17
3,2020,4,0,9868.3,9456.28,0.8660254037844387,-0.4999999999999998
3,2020,5,1,10037.61,9868.3,0.49999999999999994,-0.8660254037844387
3,2020,6,1,9881.68,10037.61,1.2246467991473532e-16,-1.0
3,2020,7,1,10564.27,9881.68,-0.4999999999999997,-0.8660254037844388
3,2020,8,0,9786.2,10564.27,-0.8660254037844385,-0.5000000000000004
3,2020,9,0,9884.68,9786.2,-1.0,-1.8369701987210297e-16
3,2020,10,1,9836.3,9884.68,-0.8660254037844386,0.5000000000000001
3,2020,11,1,10249.47,9836.3,-0.5000000000000004,0.8660254037844384
3,2020,12,0,10287.06,10249.47,-2.4492935982947064e-16,1.0
3,2021,1,0,10542.89,10287.06,0.49999999999999994,0.8660254037844387
3,2021,2,0,11168.43,10542.89,0.8660254037844386,0.5000000000000001
3,2021,3,0,11306.81,11168.43,1.0,6.123233995736766e-17
3,2021,4,0,11595.8,11306.81,0.8660254037844387,-0.4999999999999998
3,2021,5,0,11014.33,11595.8,0.49999999999999994,-0.8660254037844387
3,2021,6,1,11576.26,11014.33,1.2246467991473532e-16,-1.0
3,2021,7,1,11719.06,11576.26,-0.4999999999999997,-0.8660254037844388
3,2021,8,1,11155.08,11719.06,-0.8660254037844385,-0.5000000000000004
3,2021,9,1,11137.23,11155.08,-1.0,-1.8369701987210297e-16
3,2021,10,0,11421.24,11137.23,-0.8660254037844386,0.5000000000000001
3,2021,11,1,11232.21,11421.24,-0.5000000000000004,0.8660254037844384
3,2021,12,1,12707.67,11232.21,-2.4492935982947064e-16,1.0
3,2022,1,0,12069.76,12707.67,0.49999999999999994,0.8660254037844387
3,2022,2,0,12506.65,12069.76,0.8660254037844386,0.5000000000000001
3,2022,3,0,13099.27,12506.65,1.0,6.123233995736766e-17
3,2022,4,0,12999.68,13099.27,0.8660254037844387,-0.4999999999999998
3,2022,5,1,12738.9,12999.68,0.49999999999999994,-0.8660254037844387
3,2022,6,1,12717.64,12738.9,1.2246467991473532e-16,-1.0
3,2022,7,0,12276.92,12717.64,-0.4999999999999997,-0.8660254037844388
3,2022,8,1,12914.92,12276.92,-0.8660254037844385,-0.5000000000000004
3,2022,9,0,12281.79,12914.92,-1.0,-1.8369701987210297e-16
3,2022,10,0,12360.37,12281.79,-0.8660254037844386,0.5000000000000001
3,2022,11,0,12588.01,12360.37,-0.5000000000000004,0.8660254037844384
3,2022,12,0,13745.93,12588.01,-2.4492935982947064e-16,1.0
3,2023,1,0,13651.4,13745.93,0.49999999999999994,0.8660254037844387
3,2023,2,0,14375.64,13651.4,0.8660254037844386,0.5000000000000001
3,2023,3,0,14272.88,14375.64,1.0,6.123233995736766e-17
3,2023,4,0,13947.05,14272.88,0.8660254037844387,-0.4999999999999998
3,2023,5,0,13625.2,13947.05,0.49999999999999994,-0.8660254037844387
3,2023,6,1,14527.82,13625.2,1.2246467991473532e-16,-1.0
3,2023,7,0,13856.0,14527.82,-0.4999999999999997,-0.8660254037844388
3,2023,8,0,13887.7,13856.0,-0.8660254037844385,-0.5000000000000004
3,2023,9,1,13926.48,13887.7,-1.0,-1.8369701987210297e-16
3,2023,10,1,14087.01,13926.48,-0.8660254037844386,0.5000000000000001
3,2023,11,1,14683.43,14087.01,-0.5000000000000004,0.8660254037844384
3,2023,12,0,14320.9,14683.43,-2.4492935982947064e-16,1.0
4,2018,1,1,9247.83,15909.48,0.49999999999999994,0.8660254037844387
4,2018,2,0,9702.69,9247.83,0.8660254037844386,0.5000000000000001
4,2018,3,0,10467.74,9702.69,1.0,6.123233995736766e-17
4,2018,4,1,11173.2,10467.74,0.8660254037844387,-0.4999999999999998
4,2018,5,1,11924.85,11173.2,0.49999999999999994,-0.8660254037844387
4,2018,6,1,11469.69,11924.85,1.2246467991473532e-16,-1.0
4,2018,7,1,11279.08,11469.69,-0.4999999999999997,-0.8660254037844388
4,2018,8,0,10267.38,11279.08,-0.8660254037844385,-0.5000000000000004
4,2018,9,1,11019.66,10267.38,-1.0,-1.8369701987210297e-16
4,2018,10,0,11631.1,11019.66,-0.8660254037844386,0.5000000000000001
4,2018,11,0,11197.85,11631.1,-0.5000000000000004,0.8660254037844384
4,2018,12,0,11726.85,11197.85,-2.4492935982947064e-16,1.0
4,2019,1,0,12222.1,11726.85,0.49999999999999994,0.8660254037844387
4,2019,2,1,13698.5,12222.1,0.8660254037844386,0.5000000000000001
4,2019,3,0,13169.5,13698.5,1.0,6.123233995736766e-17
4,2019,4,0,12905.76,13169.5,0.8660254037844387,-0.4999999999999998
4,2019,5,0,13633.19,12905.76,0.49999999999999994,-0.8660254037844387
4,2019,6,0,13361.38,13633.19,1.2246467991473532e-16,-1.0
4,2019,7,0,12097.25,13361.38,-0.4999999999999997,-0.8660254037844388
4,2019,8,0,13685.07,12097.25,-0.8660254037844385,-0.5000000000000004
4,2019,9,1,13689.38,13685.07,-1.0,-1.8369701987210297e-16
4,2019,10,1,12743.07,13689.38,-0.8660254037844386,0.5000000000000001
4,2019,11,0,14090.82,12743.07,-0.5000000000000004,0.8660254037844384
4,2019,12,1,14652.31,14090.82,-2.4492935982947064e-16,1.0
4,2020,1,0,14380.48,14652.31,0.49999999999999994,0.8660254037844387
4,2020,2,0,15129.21,14380.48,0.8660254037844386,0.5000000000000001
4,2020,3,0,14992.93,15129.21,1.0,6.123233995736766e-17
4,2020,4,0,15320.47,14992.93,0.8660254037844387,-0.4999999999999998
4,2020,5,0,15068.22,15320.47,0.49999999999999994,-0.8660254037844387
4,2020,6,0,15012.1,15068.22,1.2246467991473532e-16,-1.0
4,2020,7,0,14414.5,15012.1,-0.4999999999999997,-0.8660254037844388
4,2020,8,0,15150.83,14414.5,-0.8660254037844385,-0.5000000000000004
4,2020,9,1,16498.77,15150.83,-1.0,-1.8369701987210297e-16
4,2020,10,0,15079.12,16498.77,-0.8660254037844386,0.5000000000000001
4,2020,11,0,15223.95,15079.12,-0.5000000000000004,0.8660254037844384
4,2020,12,0,15833.97,15223.95,-2.4492935982947064e-16,1.0
4,2021,1,0,15909.48,15833.97,0.49999999999999994,0.8660254037844387
4,2021,2,0,16946.18,15909.48,0.8660254037844386,0.5000000000000001
4,2021,3,0,17273.6,16946.18,1.0,6.123233995736766e-17
4,2021,4,1,17943.37,17273.6,0.8660254037844387,-0.4999999999999998
4,2021,5,0,17765.23,17943.37,0.49999999999999994,-0.8660254037844387
4,2021,6,1,17361.95,17765.23,1.2246467991473532e-16,-1.0
4,2021,7,0,16694.85,17361.95,-0.4999999999999997,-0.8660254037844388
4,2021,8,0,16246.19,16694.85,-0.8660254037844385,-0.5000000000000004
4,2021,9,0,16594.47,16246.19,-1.0,-1.8369701987210297e-16
4,2021,10,1,16597.85,16594.47,-0.8660254037844386,0.5000000000000001
4,2021,11,0,18047.36,16597.85,-0.5000000000000004,0.8660254037844384
4,2021,12,1,18240.49,18047.36,-2.4492935982947064e-16,1.0
4,2022,1,0,18356.43,18240.49,0.49999999999999994,0.8660254037844387
4,2022,2,0,19377.47,18356.43,0.8660254037844386,0.5000000000000001
4,2022,3,0,19255.25,19377.47,1.0,6.123233995736766e-17
4,2022,4,0,19280.48,19255.25,0.8660254037844387,-0.4999999999999998
4,2022,5,0,19053.54,19280.48,0.49999999999999994,-0.8660254037844387
4,2022,6,0,18961.17,19053.54,1.2246467991473532e-16,-1.0
4,2022,7,0,19078.41,18961.17,-0.4999999999999997,-0.8660254037844388
4,2022,8,0,19222.34,19078.41,-0.8660254037844385,-0.5000000000000004
4,2022,9,1,18877.95,19222.34,-1.0,-1.8369701987210297e-16
4,2022,10,0,19098.51,18877.95,-0.8660254037844386,0.5000000000000001
4,2022,11,0,19426.98,19098.51,-0.5000000000000004,0.8660254037844384
4,2022,12,0,21110.37,19426.98,-2.4492935982947064e-16,1.0
4,2023,1,0,21733.54,21110.37,0.49999999999999994,0.8660254037844387
4,2023,2,0,20998.67,21733.54,0.8660254037844386,0.5000000000000001
4,2023,3,0,21991.65,20998.67,1.0,6.123233995736766e-17
4,2023,4,0,22083.06,21991.65,0.8660254037844387,-0.4999999999999998
4,2023,5,0,21569.47,22083.06,0.49999999999999994,-0.8660254037844387
4,2023,6,0,21090.83,21569.47,1.2246467991473532e-16,-1.0
4,2023,7,0,20577.63,21090.83,-0.4999999999999997,-0.8660254037844388
4,2023,8,1,20944.57,20577.63,-0.8660254037844385,-0.5000000000000004
4,2023,9,0,19487.39,20944.57,-1.0,-1.8369701987210297e-16
4,2023,10,1,21866.78,19487.39,-0.8660254037844386,0.5000000000000001
4,2023,11,0,21842.38,21866.78,-0.5000000000000004,0.8660254037844384
4,2023,12,1,22912.77,21842.38,-2.4492935982947064e-16,1.0
5,2018,1,0,8855.2,11823.14,0.49999999999999994,0.8660254037844387
5,2018,2,0,8817.88,8855.2,0.8660254037844386,0.5000000000000001
5,2018,3,0,9227.47,8817.88,1.0,6.123233995736766e-17
5,2018,4,0,8596.91,9227.47,0.8660254037844387,-0.4999999999999998
5,2018,5,0,9121.58,8596.91,0.49999999999999994,-0.8660254037844387
5,2018,6,0,7898.77,9121.58,1.2246467991473532e-16,-1.0
5,2018,7,0,8475.72,7898.77,-0.4999999999999997,-0.8660254037844388
5,2018,8,0,9525.11,8475.72,-0.8660254037844385,-0.5000000000000004
5,2018,9,0,10443.12,9525.11,-1.0,-1.8369701987210297e-16
5,2018,10,0,8659.0,10443.12,-0.8660254037844386,0.5000000000000001
5,2018,11,0,9206.4,8659.0,-0.5000000000000004,0.8660254037844384
5,2018,12,0,9925.3,9206.4,-2.4492935982947064e-16,1.0
5,2019,1,1,9938.39,9925.3,0.49999999999999994,0.8660254037844387
5,2019,2,0,10924.53,9938.39,0.8660254037844386,0.5000000000000001
5,2019,3,0,10072.33,10924.53,1.0,6.123233995736766e-17
5,2019,4,0,10116.59,10072.33,0.8660254037844387,-0.4999999999999998
5,2019,5,0,10327.92,10116.59,0.49999999999999994,-0.8660254037844387
5,2019,6,1,11307.36,10327.92,1.2246467991473532e-16,-1.0
5,2019,7,0,9883.59,11307.36,-0.4999999999999997,-0.8660254037844388
5,2019,8,0,10407.79,9883.59,-0.8660254037844385,-0.5000000000000004
5,2019,9,0,10444.71,10407.79,-1.0,-1.8369701987210297e-16
5,2019,10,0,10760.42,10444.71,-0.8660254037844386,0.5000000000000001
5,2019,11,0,10359.02,10760.42,-0.5000000000000004,0.8660254037844384
5,2019,12,1,11569.5,10359.02,-2.4492935982947064e-16,1.0
5,2020,1,0,10575.86,11569.5,0.49999999999999994,0.8660254037844387
5,2020,2,0,10090.12,10575.86,0.8660254037844386,0.5000000000000001
5,2020,3,1,10996.04,10090.12,1.0,6.123233995736766e-17
5,2020,4,1,11741.67,10996.04,0.8660254037844387,-0.4999999999999998
5,2020,5,0,11617.95,11741.67,0.49999999999999994,-0.8660254037844387
5,2020,6,0,11237.95,11617.95,1.2246467991473532e-16,-1.0
5,2020,7,0,11218.87,11237.95,-0.4999999999999997,-0.8660254037844388
5,2020,8,0,11371.58,11218.87,-0.8660254037844385,-0.5000000000000004
5,2020,9,0,11387.95,11371.58,-1.0,-1.8369701987210297e-16
5,2020,10,0,11823.14,11387.95,-0.8660254037844386,0.5000000000000001
5,2020,11,1,11777.33,11823.14,-0.5000000000000004,0.8660254037844384
5,2020,12,0,11901.61,11777.33,-2.4492935982947064e-16,1.0
5,2021,1,0,12626.42,11901.61,0.49999999999999994,0.8660254037844387
5,2021,2,1,12870.08,12626.42,0.8660254037844386,0.5000000000000001
5,2021,3,0,12890.5,12870.08,1.0,6.123233995736766e-17
5,2021,4,0,12201.42,12890.5,0.8660254037844387,-0.4999999999999998
5,2021,5,0,12765.88,12201.42,0.49999999999999994,-0.8660254037844387
5,2021,6,0,12676.91,12765.88,1.2246467991473532e-16,-1.0
5,2021,7,0,11462.7,12676.91,-0.4999999999999997,-0.8660254037844388
5,2021,8,0,12220.72,11462.7,-0.8660254037844385,-0.5000000000000004
5,2021,9,0,12201.15,12220.72,-1.0,-1.8369701987210297e-16
5,2021,10,0,12619.45,12201.15,-0.8660254037844386,0.5000000000000001
5,2021,11,0,12573.44,12619.45,-0.5000000000000004,0.8660254037844384
5,2021,12,0,13921.83,12573.44,-2.4492935982947064e-16,1.0
5,2022,1,0,13860.12,13921.83,0.49999999999999994,0.8660254037844387
5,2022,2,1,14106.81,13860.12,0.8660254037844386,0.5000000000000001
5,2022,3,1,14118.64,14106.81,1.0,6.123233995736766e-17
5,2022,4,0,13061.12,14118.64,0.8660254037844387,-0.4999999999999998
5,2022,5,0,13550.41,13061.12,0.49999999999999994,-0.8660254037844387
5,2022,6,1,13868.31,13550.41,1.2246467991473532e-16,-1.0
5,2022,7,0,14253.98,13868.31,-0.4999999999999997,-0.8660254037844388
5,2022,8,0,13296.5,14253.98,-0.8660254037844385,-0.5000000000000004
5,2022,9,0,13543.27,13296.5,-1.0,-1.8369701987210297e-16
5,2022,10,0,12986.11,13543.27,-0.8660254037844386,0.5000000000000001
5,2022,11,0,13871.16,12986.11,-0.5000000000000004,0.8660254037844384
5,2022,12,1,13367.14,13871.16,-2.4492935982947064e-16,1.0
5,2023,1,0,14759.0,13367.14,0.49999999999999994,0.8660254037844387
5,2023,2,0,14161.91,14759.0,0.8660254037844386,0.5000000000000001
5,2023,3,0,14202.12,14161.91,1.0,6.123233995736766e-17
5,2023,4,0,14640.38,14202.12,0.8660254037844387,-0.4999999999999998
5,2023,5,0,14932.71,14640.38,0.49999999999999994,-0.8660254037844387
5,2023,6,0,14322.71,14932.71,1.2246467991473532e-16,-1.0
5,2023,7,0,13747.24,14322.71,-0.4999999999999997,-0.8660254037844388
5,2023,8,1,14765.45,13747.24,-0.8660254037844385,-0.5000000000000004
5,2023,9,0,13702.86,14765.45,-1.0,-1.8369701987210297e-16
5,2023,10,1,14636.7,13702.86,-0.8660254037844386,0.5000000000000001
5,2023,11,0,14229.2,14636.7,-0.5000000000000004,0.8660254037844384
5,2023,12,1,15485.65,14229.2,-2.4492935982947064e-16,1.0
6,2018,1,0,4345.96,10430.26,0.49999999999999994,0.8660254037844387
6,2018,2,0,3876.99,4345.96,0.8660254037844386,0.5000000000000001
6,2018,3,1,5044.23,3876.99,1.0,6.123233995736766e-17
6,2018,4,0,3992.84,5044.23,0.8660254037844387,-0.4999999999999998
6,2018,5,0,4432.34,3992.84,0.49999999999999994,-0.8660254037844387
6,2018,6,0,4824.97,4432.34,1.2246467991473532e-16,-1.0
6,2018,7,1,5379.98,4824.97,-0.4999999999999997,-0.8660254037844388
6,2018,8,0,5126.03,5379.98,-0.8660254037844385,-0.5000000000000004
6,2018,9,0,5108.81,5126.03,-1.0,-1.8369701987210297e-16
6,2018,10,0,5353.56,5108.81,-0.8660254037844386,0.5000000000000001
6,2018,11,1,6093.03,5353.56,-0.5000000000000004,0.8660254037844384
6,2018,12,0,5901.26,6093.03,-2.4492935982947064e-16,1.0
6,2019,1,0,6218.68,5901.26,0.49999999999999994,0.8660254037844387
6,2019,2,0,6465.13,6218.68,0.8660254037844386,0.5000000000000001
6,2019,3,0,6662.42,6465.13,1.0,6.123233995736766e-17
6,2019,4,0,6848.35,6662.42,0.8660254037844387,-0.4999999999999998
6,2019,5,1,7519.45,6848.35,0.49999999999999994,-0.8660254037844387
6,2019,6,0,7050.49,7519.45,1.2246467991473532e-16,-1.0
6,2019,7,0,6892.32,7050.49,-0.4999999999999997,-0.8660254037844388
6,2019,8,1,7381.05,6892.32,-0.8660254037844385,-0.5000000000000004
6,2019,9,0,6863.05,7381.05,-1.0,-1.8369701987210297e-16
6,2019,10,1,8215.54,6863.05,-0.8660254037844386,0.5000000000000001
6,2019,11,1,7986.73,8215.54,-0.5000000000000004,0.8660254037844384
6,2019,12,0,7962.07,7986.73,-2.4492935982947064e-16,1.0
6,2020,1,0,8666.97,7962.07,0.49999999999999994,0.8660254037844387
6,2020,2,0,8637.61,8666.97,0.8660254037844386,0.5000000000000001
6,2020,3,0,8842.5,8637.61,1.0,6.123233995736766e-17
6,2020,4,1,9698.72,8842.5,0.8660254037844387,-0.4999999999999998
6,2020,5,1,9982.39,9698.72,0.49999999999999994,-0.8660254037844387
6,2020,6,1,9714.79,9982.39,1.2246467991473532e-16,-1.0
6,2020,7,0,9515.38,9714.79,-0.4999999999999997,-0.8660254037844388
6,2020,8,0,9201.7,9515.38,-0.8660254037844385,-0.5000000000000004
6,2020,9,0,8928.05,9201.7,-1.0,-1.8369701987210297e-16
6,2020,10,0,9434.0,8928.05,-0.8660254037844386,0.5000000000000001
6,2020,11,0,9521.01,9434.0,-0.5000000000000004,0.8660254037844384
6,2020,12,0,10430.26,9521.01,-2.4492935982947064e-16,1.0
6,2021,1,0,10768.85,10430.26,0.49999999999999994,0.8660254037844387
6,2021,2,0,11402.95,10768.85,0.8660254037844386,0.5000000000000001
6,2021,3,0,11901.34,11402.95,1.0,6.123233995736766e-17
6,2021,4,0,11996.33,11901.34,0.8660254037844387,-0.4999999999999998
6,2021,5,0,11601.85,11996.33,0.49999999999999994,-0.8660254037844387
6,2021,6,0,11585.37,11601.85,1.2246467991473532e-16,-1.0
6,2021,7,0,11160.55,11585.37,-0.4999999999999997,-0.8660254037844388
6,2021,8,0,11139.1,11160.55,-0.8660254037844385,-0.5000000000000004
6,2021,9,0,10879.56,11139.1,-1.0,-1.8369701987210297e-16
6,2021,10,0,11293.11,10879.56,-0.8660254037844386,0.5000000000000001
6,2021,11,1,12532.05,11293.11,-0.5000000000000004,0.8660254037844384
6,2021,12,0,12222.64,12532.05,-2.4492935982947064e-16,1.0
6,2022,1,0,13200.01,12222.64,0.49999999999999994,0.8660254037844387
6,2022,2,0,13747.4,13200.01,0.8660254037844386,0.5000000000000001
6,2022,3,0,14153.14,13747.4,1.0,6.123233995736766e-17
6,2022,4,0,13836.4,14153.14,0.8660254037844387,-0.4999999999999998
6,2022,5,0,13647.44,13836.4,0.49999999999999994,-0.8660254037844387
6,2022,6,1,14335.08,13647.44,1.2246467991473532e-16,-1.0
6,2022,7,0,13363.33,14335.08,-0.4999999999999997,-0.8660254037844388
6,2022,8,0,13065.51,13363.33,-0.8660254037844385,-0.5000000000000004
6,2022,9,0,12868.17,13065.51,-1.0,-1.8369701987210297e-16
6,2022,10,1,13890.88,12868.17,-0.8660254037844386,0.5000000000000001
6,2022,11,1,14332.03,13890.88,-0.5000000000000004,0.8660254037844384
6,2022,12,0,14932.72,14332.03,-2.4492935982947064e-16,1.0
6,2023,1,0,15267.09,14932.72,0.49999999999999994,0.8660254037844387
6,2023,2,0,16081.29,15267.09,0.8660254037844386,0.5000000000000001
6,2023,3,1,17129.76,16081.29,1.0,6.123233995736766e-17
6,2023,4,0,16638.13,17129.76,0.8660254037844387,-0.4999999999999998
6,2023,5,0,16202.1,16638.13,0.49999999999999994,-0.8660254037844387
6,2023,6,0,15986.42,16202.1,1.2246467991473532e-16,-1.0
6,2023,7,0,15586.49,15986.42,-0.4999999999999997,-0.8660254037844388
6,2023,8,0,15176.28,15586.49,-0.8660254037844385,-0.5000000000000004
6,2023,9,0,15231.79,15176.28,-1.0,-1.8369701987210297e-16
6,2023,10,1,15949.85,15231.79,-0.8660254037844386,0.5000000000000001
6,2023,11,1,16845.52,15949.85,-0.5000000000000004,0.8660254037844384
6,2023,12,1,17463.44,16845.52,-2.4492935982947064e-16,1.0
7,2018,1,0,4415.99,10886.15,0.49999999999999994,0.8660254037844387
7,2018,2,0,5045.73,4415.99,0.8660254037844386,0.5000000000000001
7,2018,3,0,4890.81,5045.73,1.0,6.123233995736766e-17
7,2018,4,1,6101.45,4890.81,0.8660254037844387,-0.4999999999999998
7,2018,5,0,5561.99,6101.45,0.49999999999999994,-0.8660254037844387
7,2018,6,1,5659.55,5561.99,1.2246467991473532e-16,-1.0
7,2018,7,0,5909.69,5659.55,-0.4999999999999997,-0.8660254037844388
7,2018,8,0,5891.15,5909.69,-0.8660254037844385,-0.5000000000000004
7,2018,9,0,6127.33,5891.15,-1.0,-1.8369701987210297e-16
7,2018,10,1,6655.9,6127.33,-0.8660254037844386,0.5000000000000001
7,2018,11,1,7153.07,6655.9,-0.5000000000000004,0.8660254037844384
7,2018,12,0,6489.28,7153.07,-2.4492935982947064e-16,1.0
7,2019,1,0,7141.9,6489.28,0.49999999999999994,0.8660254037844387
7,2019,2,1,7776.35,7141.9,0.8660254037844386,0.5000000000000001
7,2019,3,1,7546.52,7776.35,1.0,6.123233995736766e-17
7,2019,4,1,7683.44,7546.52,0.8660254037844387,-0.4999999999999998
7,2019,5,0,7596.35,7683.44,0.49999999999999994,-0.8660254037844387
7,2019,6,0,7507.67,7596.35,1.2246467991473532e-16,-1.0
7,2019,7,0,7259.41,7507.67,-0.4999999999999997,-0.8660254037844388
7,2019,8,0,7462.74,7259.41,-0.8660254037844385,-0.5000000000000004
7,2019,9,0,7810.05,7462.74,-1.0,-1.8369701987210297e-16
7,2019,10,1,8368.13,7810.05,-0.8660254037844386,0.5000000000000001
7,2019,11,1,9387.86,8368.13,-0.5000000000000004,0.8660254037844384
7,2019,12,0,8585.77,9387.86,-2.4492935982947064e-16,1.0
7,2020,1,1,9894.84,8585.77,0.49999999999999994,0.8660254037844387
7,2020,2,0,9847.15,9894.84,0.8660254037844386,0.5000000000000001
7,2020,3,0,9612.81,9847.15,1.0,6.123233995736766e-17
7,2020,4,0,9720.66,9612.81,0.8660254037844387,-0.4999999999999998
7,2020,5,1,10248.47,9720.66,0.49999999999999994,-0.8660254037844387
7,2020,6,1,10244.65,10248.47,1.2246467991473532e-16,-1.0
7,2020,7,1,10102.04,10244.65,-0.4999999999999997,-0.8660254037844388
7,2020,8,1,9881.31,10102.04,-0.8660254037844385,-0.5000000000000004
7,2020,9,0,9808.84,9881.31,-1.0,-1.8369701987210297e-16
7,2020,10,0,9881.22,9808.84,-0.8660254037844386,0.5000000000000001
7,2020,11,0,10886.15,9881.22,-0.5000000000000004,0.8660254037844384
7,2020,12,0,11042.44,10886.15,-2.4492935982947064e-16,1.0
7,2021,1,0,11243.28,11042.44,0.49999999999999994,0.8660254037844387
7,2021,2,0,11884.24,11243.28,0.8660254037844386,0.5000000000000001
7,2021,3,1,12655.6,11884.24,1.0,6.123233995736766e-17
7,2021,4,0,12376.89,12655.6,0.8660254037844387,-0.4999999999999998
7,2021,5,0,11659.99,12376.89,0.49999999999999994,-0.8660254037844387
7,2021,6,0,11588.75,11659.99,1.2246467991473532e-16,-1.0
7,2021,7,1,11983.06,11588.75,-0.4999999999999997,-0.8660254037844388
7,2021,8,0,11557.45,11983.06,-0.8660254037844385,-0.5000000000000004
7,2021,9,0,10821.09,11557.45,-1.0,-1.8369701987210297e-16
7,2021,10,0,11679.71,10821.09,-0.8660254037844386,0.5000000000000001
7,2021,11,1,13138.33,11679.71,-0.5000000000000004,0.8660254037844384
7,2021,12,0,12663.35,13138.33,-2.4492935982947064e-16,1.0
7,2022,1,0,13577.1,12663.35,0.49999999999999994,0.8660254037844387
7,2022,2,0,14094.13,13577.1,0.8660254037844386,0.5000000000000001
7,2022,3,1,14925.46,14094.13,1.0,6.123233995736766e-17
7,2022,4,1,15066.21,14925.46,0.8660254037844387,-0.4999999999999998
7,2022,5,0,14484.26,15066.21,0.49999999999999994,-0.8660254037844387
7,2022,6,1,14815.69,14484.26,1.2246467991473532e-16,-1.0
7,2022,7,0,13577.63,14815.69,-0.4999999999999997,-0.8660254037844388
7,2022,8,1,13780.45,13577.63,-0.8660254037844385,-0.5000000000000004
7,2022,9,0,13591.52,13780.45,-1.0,-1.8369701987210297e-16
7,2022,10,0,13879.83,13591.52,-0.8660254037844386,0.5000000000000001
7,2022,11,0,14510.56,13879.83,-0.5000000000000004,0.8660254037844384
7,2022,12,1,15174.0,14510.56,-2.4492935982947064e-16,1.0
7,2023,1,0,15890.59,15174.0,0.49999999999999994,0.8660254037844387
7,2023,2,0,15990.43,15890.59,0.8660254037844386,0.5000000000000001
7,2023,3,1,17195.06,15990.43,1.0,6.123233995736766e-17
7,2023,4,0,16585.3,17195.06,0.8660254037844387,-0.4999999999999998
7,2023,5,1,17226.54,16585.3,0.49999999999999994,-0.8660254037844387
7,2023,6,1,16230.92,17226.54,1.2246467991473532e-16,-1.0
7,2023,7,0,15689.34,16230.92,-0.4999999999999997,-0.8660254037844388
7,2023,8,0,15474.07,15689.34,-0.8660254037844385,-0.5000000000000004
7,2023,9,0,15296.53,15474.07,-1.0,-1.8369701987210297e-16
7,2023,10,0,15739.31,15296.53,-0.8660254037844386,0.5000000000000001
7,2023,11,0,16202.56,15739.31,-0.5000000000000004,0.8660254037844384
7,2023,12,1,17634.18,16202.56,-2.4492935982947064e-16,1.0
8,2018,1,1,10672.67,16784.63,0.49999999999999994,0.8660254037844387
8,2018,2,0,9955.08,10672.67,0.8660254037844386,0.5000000000000001
8,2018,3,0,10368.38,9955.08,1.0,6.123233995736766e-17
8,2018,4,1,10140.87,10368.38,0.8660254037844387,-0.4999999999999998
8,2018,5,0,9980.94,10140.87,0.49999999999999994,-0.8660254037844387
8,2018,6,1,11260.97,9980.94,1.2246467991473532e-16,-1.0
8,2018,7,0,10484.97,11260.97,-0.4999999999999997,-0.8660254037844388
8,2018,8,1,11628.25,10484.97,-0.8660254037844385,-0.5000000000000004
8,2018,9,0,11919.13,11628.25,-1.0,-1.8369701987210297e-16
8,2018,10,0,12213.44,11919.13,-0.8660254037844386,0.5000000000000001
8,2018,11,1,12220.28,12213.44,-0.5000000000000004,0.8660254037844384
8,2018,12,1,12070.58,12220.28,-2.4492935982947064e-16,1.0
8,2019,1,0,11853.57,12070.58,0.49999999999999994,0.8660254037844387
8,2019,2,0,13571.85,11853.57,0.8660254037844386,0.5000000000000001
8,2019,3,1,13950.31,13571.85,1.0,6.123233995736766e-17
8,2019,4,0,13082.79,13950.31,0.8660254037844387,-0.4999999999999998
8,2019,5,0,13310.9,13082.79,0.49999999999999994,-0.8660254037844387
8,2019,6,0,13191.61,13310.9,1.2246467991473532e-16,-1.0
8,2019,7,1,14061.04,13191.61,-0.4999999999999997,-0.8660254037844388
8,2019,8,0,13342.07,14061.04,-0.8660254037844385,-0.5000000000000004
8,2019,9,1,14326.03,13342.07,-1.0,-1.8369701987210297e-16
8,2019,10,1,14566.66,14326.03,-0.8660254037844386,0.5000000000000001
8,2019,11,1,14093.74,14566.66,-0.5000000000000004,0.8660254037844384
8,2019,12,0,14634.07,14093.74,-2.4492935982947064e-16,1.0
8,2020,1,1,16026.72,14634.07,0.49999999999999994,0.8660254037844387
8,2020,2,0,15546.85,16026.72,0.8660254037844386,0.5000000000000001
8,2020,3,0,15772.78,15546.85,1.0,6.123233995736766e-17
8,2020,4,0,15360.18,15772.78,0.8660254037844387,-0.4999999999999998
8,2020,5,0,15373.2,15360.18,0.49999999999999994,-0.8660254037844387
8,2020,6,0,15640.87,15373.2,1.2246467991473532e-16,-1.0
8,2020,7,0,15229.86,15640.87,-0.4999999999999997,-0.8660254037844388
8,2020,8,0,15984.52,15229.86,-0.8660254037844385,-0.5000000000000004
8,2020,9,0,15504.58,15984.52,-1.0,-1.8369701987210297e-16
8,2020,10,0,15517.26,15504.58,-0.8660254037844386,0.5000000000000001
8,2020,11,0,16783.6,15517.26,-0.5000000000000004,0.8660254037844384
8,2020,12,1,16784.63,16783.6,-2.4492935982947064e-16,1.0
8,2021,1,1,17864.72,16784.63,0.49999999999999994,0.8660254037844387
8,2021,2,0,17573.88,17864.72,0.8660254037844386,0.5000000000000001
8,2021,3,0,19343.18,17573.88,1.0,6.123233995736766e-17
8,2021,4,1,18766.77,19343.18,0.8660254037844387,-0.4999999999999998
8,2021,5,0,17768.07,18766.77,0.49999999999999994,-0.8660254037844387
8,2021,6,0,18010.27,17768.07,1.2246467991473532e-16,-1.0
8,2021,7,0,17679.6,18010.27,-0.4999999999999997,-0.8660254037844388
8,2021,8,0,17280.01,17679.6,-0.8660254037844385,-0.5000000000000004
8,2021,9,0,18182.8,17280.01,-1.0,-1.8369701987210297e-16
8,2021,10,0,18300.07,18182.8,-0.8660254037844386,0.5000000000000001
8,2021,11,0,18644.3,18300.07,-0.5000000000000004,0.8660254037844384
8,2021,12,1,19273.03,18644.3,-2.4492935982947064e-16,1.0
8,2022,1,0,20724.5,19273.03,0.49999999999999994,0.8660254037844387
8,2022,2,1,21075.47,20724.5,0.8660254037844386,0.5000000000000001
8,2022,3,1,20962.43,21075.47,1.0,6.123233995736766e-17
8,2022,4,1,21857.76,20962.43,0.8660254037844387,-0.4999999999999998
8,2022,5,0,20714.17,21857.76,0.49999999999999994,-0.8660254037844387
8,2022,6,1,21300.82,20714.17,1.2246467991473532e-16,-1.0
8,2022,7,0,20190.41,21300.82,-0.4999999999999997,-0.8660254037844388
8,2022,8,1,21347.29,20190.41,-0.8660254037844385,-0.5000000000000004
8,2022,9,0,19303.58,21347.29,-1.0,-1.8369701987210297e-16
8,2022,10,1,20376.97,19303.58,-0.8660254037844386,0.5000000000000001
8,2022,11,0,22187.32,20376.97,-0.5000000000000004,0.8660254037844384
8,2022,12,1,21960.52,22187.32,-2.4492935982947064e-16,1.0
8,2023,1,0,21746.95,21960.52,0.49999999999999994,0.8660254037844387
8,2023,2,0,23223.44,21746.95,0.8660254037844386,0.5000000000000001
8,2023,3,0,23858.35,23223.44,1.0,6.123233995736766e-17
8,2023,4,1,23817.58,23858.35,0.8660254037844387,-0.4999999999999998
8,2023,5,1,22706.9,23817.58,0.49999999999999994,-0.8660254037844387
8,2023,6,0,22238.56,22706.9,1.2246467991473532e-16,-1.0
8,2023,7,1,21956.43,22238.56,-0.4999999999999997,-0.8660254037844388
8,2023,8,1,23399.8,21956.43,-0.8660254037844385,-0.5000000000000004
8,2023,9,0,21118.85,23399.8,-1.0,-1.8369701987210297e-16
8,2023,10,0,21996.68,21118.85,-0.8660254037844386,0.5000000000000001
8,2023,11,1,23723.81,21996.68,-0.5000000000000004,0.8660254037844384
8,2023,12,0,23238.18,23723.81,-2.4492935982947064e-16,1.0
9,2018,1,1,8565.46,10651.23,0.49999999999999994,0.8660254037844387
9,2018,2,0,7901.83,8565.46,0.8660254037844386,0.5000000000000001
9,2018,3,0,8033.4,7901.83,1.0,6.123233995736766e-17
9,2018,4,0,8585.79,8033.4,0.8660254037844387,-0.4999999999999998
9,2018,5,0,7776.59,8585.79,0.49999999999999994,-0.8660254037844387
9,2018,6,0,8408.85,7776.59,1.2246467991473532e-16,-1.0
9,2018,7,1,9146.11,8408.85,-0.4999999999999997,-0.8660254037844388
9,2018,8,0,7884.58,9146.11,-0.8660254037844385,-0.5000000000000004
9,2018,9,1,8317.91,7884.58,-1.0,-1.8369701987210297e-16
9,2018,10,0,8394.74,8317.91,-0.8660254037844386,0.5000000000000001
9,2018,11,0,7769.73,8394.74,-0.5000000000000004,0.8660254037844384
9,2018,12,1,9301.68,7769.73,-2.4492935982947064e-16,1.0
9,2019,1,0,9071.98,9301.68,0.49999999999999994,0.8660254037844387
9,2019,2,1,8878.35,9071.98,0.8660254037844386,0.5000000000000001
9,2019,3,0,9348.64,8878.35,1.0,6.123233995736766e-17
9,2019,4,0,9558.04,9348.64,0.8660254037844387,-0.4999999999999998
9,2019,5,1,9752.29,9558.04,0.49999999999999994,-0.8660254037844387
9,2019,6,1,10130.86,9752.29,1.2246467991473532e-16,-1.0
9,2019,7,0,8995.08,10130.86,-0.4999999999999997,-0.8660254037844388
9,2019,8,0,8922.16,8995.08,-0.8660254037844385,-0.5000000000000004
9,2019,9,0,9131.42,8922.16,-1.0,-1.8369701987210297e-16
9,2019,10,1,9359.22,9131.42,-0.8660254037844386,0.5000000000000001
9,2019,11,0,9157.09,9359.22,-0.5000000000000004,0.8660254037844384
9,2019,12,0,9542.2,9157.09,-2.4492935982947064e-16,1.0
9,2020,1,1,10250.25,9542.2,0.49999999999999994,0.8660254037844387
9,2020,2,1,10513.0,10250.25,0.8660254037844386,0.5000000000000001
9,2020,3,0,9109.86,10513.0,1.0,6.123233995736766e-17
9,2020,4,0,11141.84,9109.86,0.8660254037844387,-0.4999999999999998
9,2020,5,0,9619.29,11141.84,0.49999999999999994,-0.8660254037844387
9,2020,6,0,10210.31,9619.29,1.2246467991473532e-16,-1.0
9,2020,7,1,10527.36,10210.31,-0.4999999999999997,-0.8660254037844388
9,2020,8,0,9647.28,10527.36,-0.8660254037844385,-0.5000000000000004
9,2020,9,1,10651.23,9647.28,-1.0,-1.8369701987210297e-16
9,2020,10,1,10169.9,10651.23,-0.8660254037844386,0.5000000000000001
9,2020,11,1,10671.45,10169.9,-0.5000000000000004,0.8660254037844384
9,2020,12,0,11163.2,10671.45,-2.4492935982947064e-16,1.0
9,2021,1,1,10897.58,11163.2,0.49999999999999994,0.8660254037844387
9,2021,2,1,11270.87,10897.58,0.8660254037844386,0.5000000000000001
9,2021,3,0,10433.15,11270.87,1.0,6.123233995736766e-17
9,2021,4,0,11158.73,10433.15,0.8660254037844387,-0.4999999999999998
9,2021,5,0,10563.56,11158.73,0.49999999999999994,-0.8660254037844387
9,2021,6,0,10910.43,10563.56,1.2246467991473532e-16,-1.0
9,2021,7,1,11608.85,10910.43,-0.4999999999999997,-0.8660254037844388
9,2021,8,1,11068.28,11608.85,-0.8660254037844385,-0.5000000000000004
9,2021,9,0,10911.13,11068.28,-1.0,-1.8369701987210297e-16
9,2021,10,0,10934.73,10911.13,-0.8660254037844386,0.5000000000000001
9,2021,11,0,11390.28,10934.73,-0.5000000000000004,0.8660254037844384
9,2021,12,1,11936.32,11390.28,-2.4492935982947064e-16,1.0
9,2022,1,1,12459.97,11936.32,0.49999999999999994,0.8660254037844387
9,2022,2,0,11550.83,12459.97,0.8660254037844386,0.5000000000000001
9,2022,3,0,11274.47,11550.83,1.0,6.123233995736766e-17
9,2022,4,0,11158.78,11274.47,0.8660254037844387,-0.4999999999999998
9,2022,5,0,11135.06,11158.78,0.49999999999999994,-0.8660254037844387
9,2022,6,0,11511.24,11135.06,1.2246467991473532e-16,-1.0
9,2022,7,0,11575.3,11511.24,-0.4999999999999997,-0.8660254037844388
9,2022,8,0,11156.56,11575.3,-0.8660254037844385,-0.5000000000000004
9,2022,9,0,10557.87,11156.56,-1.0,-1.8369701987210297e-16
9,2022,10,1,11790.68,10557.87,-0.8660254037844386,0.5000000000000001
9,2022,11,0,11594.93,11790.68,-0.5000000000000004,0.8660254037844384
9,2022,12,0,12041.17,11594.93,-2.4492935982947064e-16,1.0
9,2023,1,0,12899.83,12041.17,0.49999999999999994,0.8660254037844387
9,2023,2,0,11845.61,12899.83,0.8660254037844386,0.5000000000000001
9,2023,3,0,12964.95,11845.61,1.0,6.123233995736766e-17
9,2023,4,1,13440.77,12964.95,0.8660254037844387,-0.4999999999999998
9,2023,5,1,13024.96,13440.77,0.49999999999999994,-0.8660254037844387
9,2023,6,1,13121.61,13024.96,1.2246467991473532e-16,-1.0
9,2023,7,0,12229.26,13121.61,-0.4999999999999997,-0.8660254037844388
9,2023,8,0,12413.72,12229.26,-0.8660254037844385,-0.5000000000000004
9,2023,9,0,11853.11,12413.72,-1.0,-1.8369701987210297e-16
9,2023,10,0,11936.56,11853.11,-0.8660254037844386,0.5000000000000001
9,2023,11,1,12316.61,11936.56,-0.5000000000000004,0.8660254037844384
9,2023,12,0,13041.89,12316.61,-2.4492935982947064e-16,1.0
10,2018,1,0,7772.75,11059.35,0.49999999999999994,0.8660254037844387
10,2018,2,0,7865.2,7772.75,0.8660254037844386,0.5000000000000001
10,2018,3,0,8742.8,7865.2,1.0,6.123233995736766e-17
10,2018,4,0,8210.17,8742.8,0.8660254037844387,-0.4999999999999998
10,2018,5,0,8746.44,8210.17,0.49999999999999994,-0.8660254037844387
10,2018,6,0,8245.53,8746.44,1.2246467991473532e-16,-1.0
10,2018,7,0,8516.04,8245.53,-0.4999999999999997,-0.8660254037844388
10,2018,8,0,8447.18,8516.04,-0.8660254037844385,-0.5000000000000004
10,2018,9,1,8855.71,8447.18,-1.0,-1.8369701987210297e-16
10,2018,10,0,8714.47,8855.71,-0.8660254037844386,0.5000000000000001
10,2018,11,0,9123.25,8714.47,-0.5000000000000004,0.8660254037844384
10,2018,12,1,9203.64,9123.25,-2.4492935982947064e-16,1.0
10,2019,1,0,9258.65,9203.64,0.49999999999999994,0.8660254037844387
10,2019,2,0,8841.07,9258.65,0.8660254037844386,0.5000000000000001
10,2019,3,1,10432.14,8841.07,1.0,6.123233995736766e-17
10,2019,4,0,8989.38,10432.14,0.8660254037844387,-0.4999999999999998
10,2019,5,0,10210.64,8989.38,0.49999999999999994,-0.8660254037844387
10,2019,6,0,8886.92,10210.64,1.2246467991473532e-16,-1.0
10,2019,7,1,9732.99,8886.92,-0.4999999999999997,-0.8660254037844388
10,2019,8,0,9564.92,9732.99,-0.8660254037844385,-0.5000000000000004
10,2019,9,0,9920.35,9564.92,-1.0,-1.8369701987210297e-16
10,2019,10,0,10183.07,9920.35,-0.8660254037844386,0.5000000000000001
10,2019,11,0,10279.27,10183.07,-0.5000000000000004,0.8660254037844384
10,2019,12,0,9259.35,10279.27,-2.4492935982947064e-16,1.0
10,2020,1,1,10775.37,9259.35,0.49999999999999994,0.8660254037844387
10,2020,2,0,9998.64,10775.37,0.8660254037844386,0.5000000000000001
10,2020,3,0,10806.08,9998.64,1.0,6.123233995736766e-17
10,2020,4,1,11421.3,10806.08,0.8660254037844387,-0.4999999999999998
10,2020,5,0,10613.89,11421.3,0.49999999999999994,-0.8660254037844387
10,2020,6,0,10249.59,10613.89,1.2246467991473532e-16,-1.0
10,2020,7,0,9980.61,10249.59,-0.4999999999999997,-0.8660254037844388
10,2020,8,0,10111.02,9980.61,-0.8660254037844385,-0.5000000000000004
10,2020,9,0,10135.41,10111.02,-1.0,-1.8369701987210297e-16
10,2020,10,1,11064.88,10135.41,-0.8660254037844386,0.5000000000000001
10,2020,11,0,11149.88,11064.88,-0.5000000000000004,0.8660254037844384
10,2020,12,0,11043.32,11149.88,-2.4492935982947064e-16,1.0
10,2021,1,0,10807.26,11043.32,0.49999999999999994,0.8660254037844387
10,2021,2,0,11005.6,10807.26,0.8660254037844386,0.5000000000000001
10,2021,3,1,12397.13,11005.6,1.0,6.123233995736766e-17
10,2021,4,1,12932.08,12397.13,0.8660254037844387,-0.4999999999999998
10,2021,5,0,11679.44,12932.08,0.49999999999999994,-0.8660254037844387
10,2021,6,1,11783.6,11679.44,1.2246467991473532e-16,-1.0
10,2021,7,0,11059.35,11783.6,-0.4999999999999997,-0.8660254037844388
10,2021,8,0,11625.42,11059.35,-0.8660254037844385,-0.5000000000000004
10,2021,9,0,12022.34,11625.42,-1.0,-1.8369701987210297e-16
10,2021,10,0,11429.66,12022.34,-0.8660254037844386,0.5000000000000001
10,2021,11,0,11581.27,11429.66,-0.5000000000000004,0.8660254037844384
10,2021,12,0,11548.29,11581.27,-2.4492935982947064e-16,1.0
10,2022,1,1,12933.89,11548.29,0.49999999999999994,0.8660254037844387
10,2022,2,1,13468.94,12933.89,0.8660254037844386,0.5000000000000001
10,2022,3,0,12538.81,13468.94,1.0,6.123233995736766e-17
10,2022,4,1,13452.08,12538.81,0.8660254037844387,-0.4999999999999998
10,2022,5,0,12982.11,13452.08,0.49999999999999994,-0.8660254037844387
10,2022,6,1,13362.53,12982.11,1.2246467991473532e-16,-1.0
10,2022,7,0,12064.65,13362.53,-0.4999999999999997,-0.8660254037844388
10,2022,8,0,12034.58,12064.65,-0.8660254037844385,-0.5000000000000004
10,2022,9,0,12425.74,12034.58,-1.0,-1.8369701987210297e-16
10,2022,10,0,12818.13,12425.74,-0.8660254037844386,0.5000000000000001
10,2022,11,0,13656.9,12818.13,-0.5000000000000004,0.8660254037844384
10,2022,12,0,12745.56,13656.9,-2.4492935982947064e-16,1.0
10,2023,1,1,14148.06,12745.56,0.49999999999999994,0.8660254037844387
10,2023,2,1,14352.05,14148.06,0.8660254037844386,0.5000000000000001
10,2023,3,0,13858.64,14352.05,1.0,6.123233995736766e-17
10,2023,4,1,15000.91,13858.64,0.8660254037844387,-0.4999999999999998
10,2023,5,1,14652.37,15000.91,0.49999999999999994,-0.8660254037844387
10,2023,6,0,13959.9,14652.37,1.2246467991473532e-16,-1.0
10,2023,7,0,13055.5,13959.9,-0.4999999999999997,-0.8660254037844388
10,2023,8,0,13238.27,13055.5,-0.8660254037844385,-0.5000000000000004
10,2023,9,0,13393.23,13238.27,-1.0,-1.8369701987210297e-16
10,2023,10,1,14106.63,13393.23,-0.8660254037844386,0.5000000000000001
10,2023,11,0,14812.56,14106.63,-0.5000000000000004,0.8660254037844384
10,2023,12,1,14657.55,14812.56,-2.4492935982947064e-16,1.0
